location_x,location_y,station_type,charging_speed,id
24.98256653731502,53.660314861974435,,1.061460127550894,1
10.333603684696268,2.0724660220914237,,1.9612601746920975,2
5.753995351004148,67.4646129513189,,1.5663554772071873,3
