location_x,location_y,station_type,charging_speed,id
11.30600350861728,40.50778774215845,,1.510236096780241,1
27.20364947799373,74.43587511713902,,1.4091455246875475,2
