location_x,location_y,station_type,charging_speed,id
66.68920497220445,50.80418348492341,,1.4779528588547846,1
17.653614332193413,43.392617104511274,,1.0793508534522056,2
53.689939455872704,68.70692665255585,,1.3965015062678567,3
