location_x,location_y,packages,id
9.471589521982715,97.01358282214223,2,1
56.4831416574056,73.95468317182089,10,2
41.13252841263398,13.403792630853594,1,3
56.530894735637084,66.37915351912018,3,4
81.91541528676399,14.928786245280257,6,5
64.8742992881665,56.67120885399446,7,6
49.66463326831069,26.148099909916944,7,7
87.27929484576973,15.26226687620843,7,8
28.91838727054178,54.608832300984446,7,9
31.774128531389213,21.60512372045509,4,10
