location_x,location_y,packages,id
24.20262518416273,49.73122108788645,7,1
97.91979189448577,72.5274779784119,10,2
2.7622797352886197,25.271466350626326,5,3
82.04814627689663,16.73479524553343,8,4
48.330840568550194,3.881068753818806,3,5
