location_x,location_y,packages,id
2.8708658917622865,66.2654805506072,5,1
95.86425924558489,11.512895805735802,4,2
4.047219265646995,65.1876836680009,8,3
9.848191815660968,10.714614308048077,10,4
48.05166519523682,71.36133891381921,7,5
