location_x,location_y,id
59.912177026302146,88.20477227777059,1
72.17332790679944,97.61295838254014,2
