location_x,location_y,id
7.117022375125859,87.04232225777643,1
