location_x,location_y,id
74.10661717216021,66.8581608769334,1
