location_x,location_y,station_type,id
35.61522904826592,48.66657873084297,standard,1
68.23348197752159,57.43702021831651,premium,2
32.610029465902265,54.64547799066203,standard,3
