location_x,location_y,station_type,id
94.1924267162725,1.238101237924627,standard,1
68.97368132817361,53.441538814851675,standard,2
40.023486136133826,52.927562957739205,premium,3
