location_x,location_y,station_type,id
51.869873149471836,6.8143525474846705,standard,1
28.56402798780665,78.78037367552075,premium,2
