type,range,recharge_time,emission_rate,package_capacity,port_type,id
electric,218.85658243645875,26.398584874881013,0.5,66,fast,1
electric,115.27812606070646,43.194029171961866,0.5,57,fast,2
fossil,134.83191839845568,3,2.0,64,,3
fossil,399.1380744069323,3,2.0,84,,4
